{
    "center": [49.141467, 55.779121],
    "range": 20000
}
