{
    "center": [82.93024970970109, 55.01605852277987],
    "range": 25000
}
