{
    "center": [82.96542786188877, 54.97481864140321],
    "range": 35000
}
