{
    "center": [73.362552, 54.971369],
    "range": 20000
}
