{
    "center": [60.602911, 56.845605],
    "range": 20000
}
