{
    "center": [55.25674, 25.146185],
    "range": 60000
}
