{
    "center": [92.892688, 56.017456],
    "range": 20000
}
