{
    "center": [131.929993, 43.120879],
    "range": 12000
}
