{
    "center": [61.400285, 55.163678],
    "range": 25000
}
