{
    "center": [37.62237, 55.753491],
    "range": 16000
}
