{
    "center": [30.30443, 59.943826],
    "range": 25000
}
